Continent,Country,Capital,Cost of Living Index,Rent Index,Groceries Index,Local Purchasing Power Index,Restaurant Price Index,"Meal, Inexpensive Restaurant (USD)","Meal for 2 People, Mid-range Restaurant, Three-course",McMeal at McDonalds (or Equivalent Combo Meal) (USD),"Domestic Beer (0.5 liter draught, in restaurants) (USD)","Imported Beer (0.33 liter bottle, in restaurants) (USD)","Cappuccino (regular, in restaurants) (USD)","Coke/Pepsi (0.33 liter bottle, in restaurants) (USD)","Water (0.33 liter bottle, in restaurants) (USD)","Milk (regular), (1 liter) (USD)",Loaf of Fresh White Bread (500g) (USD),"Rice (white), (1kg) (USD)",Eggs (regular) (12) (USD),Local Cheese (1kg) (USD),Chicken Fillets (1kg) (USD),Beef Round (1kg) (or Equivalent Back Leg Red Meat) (USD),Apples (1kg) (USD),Banana (1kg) (USD),Oranges (1kg) (USD),Tomato (1kg) (USD),Potato (1kg) (USD),Onion (1kg) (USD),Lettuce (1 head) (USD),"Water (1.5 liter bottle, at the market) (USD)","Bottle of Wine (Mid-Range, at the market) (USD)","Domestic Beer (0.5 liter bottle, at the market) (USD)","Imported Beer (0.33 liter bottle, at the market) (USD)",Cigarettes 20 Pack (Marlboro) (USD),One-way Ticket (Local Transport) (USD),Monthly Pass (Regular Price) (USD),Taxi Start (Normal Tariff) (USD),Taxi 1km (Normal Tariff) (USD),Taxi 1hour Waiting (Normal Tariff) (USD),Gasoline (1 liter) (USD),Volkswagen Golf 1.4 90 KW Trendline (Or Equivalent New Car) (USD),Toyota Corolla Sedan 1.6l 97kW Comfort (Or Equivalent New Car) (USD),"Basic (Electricity, Heating, Cooling, Water, Garbage) for 85m2 Apartment (USD)",1 min. of Prepaid Mobile Tariff Local (No Discounts or Plans) (USD),"Internet (60 Mbps or More, Unlimited Data, Cable/ADSL) (USD)","Fitness Club, Monthly Fee for 1 Adult (USD)",Tennis Court Rent (1 Hour on Weekend) (USD),"Cinema, International Release, 1 Seat (USD)","Preschool (or Kindergarten), Full Day, Private, Monthly for 1 Child (USD)","International Primary School, Yearly for 1 Child (USD)",1 Pair of Jeans (Levis 501 Or Similar) (USD),"1 Summer Dress in a Chain Store (Zara, H&M, …) (USD)",1 Pair of Nike Running Shoes (Mid-Range) (USD),1 Pair of Men Leather Business Shoes (USD),Apartment (1 bedroom) in City Centre (USD),Avg rent(1 bedroom),Apartment (1 bedroom) Outside of Centre (USD),Avg rent(3 Bedroom),Apartment (3 bedrooms) in City Centre (USD),Apartment (3 bedrooms) Outside of Centre (USD),Avg Price per SQ/Mtr,Price per Square Meter to Buy Apartment in City Centre (USD),Price per Square Meter to Buy Apartment Outside of Centre (USD),Average Monthly Net Salary (After Tax) (USD),"	Mortgage Interest Rate in Percentages (%), Yearly, for 20 Years Fixed-Rate",Data quality
Asia,India,New Delhi,24.43,5.3,26.43,49.72,49.72,4.9,22.04,4.28,1.84,3.67,1.78,0.48,0.19,0.73,0.51,0.88,1.01,4.32,3.79,5.57,1.8,0.75,1.01,0.6,0.36,0.41,0.7,0.36,9.79,1.53,2.51,4.28,0.49,11.63,0.61,0.22,1.22,1.25,12242.64,22972.31,57.37,0.01,7.96,21.07,8.47,4.9,73.76,1985.7,32.05,33.34,49.35,36.26,223.87,178.625,133.38,460.99,596.16,325.82,1844.18,2619.46,1068.9,586.35,7.96,1
Asia,Indonesia,Jakarta,35.85,9.82,38.29,21.07,21.07,2.54,22.25,3.5,2.02,3.18,2.19,0.59,0.27,1.28,1.21,0.83,1.7,6.66,3.46,8.32,2.8,1.52,2.08,1.24,1.35,2.1,1.13,0.42,20.66,2.06,3.18,2.22,0.22,9.53,0.41,0.29,2.86,0.79,25489.74,27978.73,80.12,0.11,30.45,30.86,11.71,3.18,132.74,9934.37,38.87,25.95,72.89,80.32,482.85,376.5,270.15,851.03,1117.69,584.37,1981.745,2694.05,1269.44,483.19,9.15,1
Asia,Philippines,Manila,37.06,9.59,37.84,21.47,21.47,3.54,27.4,3.54,1.24,1.9,2.91,0.93,0.51,1.63,1.19,0.89,1.73,5.06,4.19,6.64,2.66,1.42,2.95,1.42,1.76,1.75,1.36,0.65,8.84,1.15,1.55,2.65,0.53,11.86,0.71,0.24,2.12,1.38,22984.03,18200.6,97.45,0.15,38.02,48.09,5.85,5.48,254.89,10860.59,38.45,26.96,69.47,61.82,559.52,420.65,281.78,1219.605,1754.4,684.81,3066.24,3536.04,2596.44,419.02,7.8,1
Asia,South Korea,Seoul,73.22,20.02,91.95,76.85,76.85,7.16,52.77,6.03,3.02,4.52,3.86,1.46,0.78,2.13,2.78,3.66,4.02,11.13,10.62,40.41,6.79,3.7,6.4,6.36,3.86,2.81,2.4,1.06,15.08,2.1,2.49,3.39,0.98,41.47,2.86,0.9,9.05,1.41,28648.67,26851.06,176.24,0.16,22.06,54.84,17.99,9.42,384.01,18283.99,56.99,45.49,70.21,108.3,809.83,696.715,583.6,2152.395,2621.05,1683.74,16340.42,21847.94,10832.9,2672.23,3.47,1
Asia,Thailand,Bangkok,43.21,14.69,45.15,31.56,31.56,2.6,28.09,5.62,2.25,4.21,2.06,0.5,0.26,1.61,1.86,1.44,1.96,15.94,3,11.51,2.83,1.43,1.83,1.42,1.4,1.2,1.16,0.46,19.66,1.61,2.83,4.21,1.24,36.52,0.98,1.21,5.2,1.18,56184.95,25441.43,77.59,0.04,15.08,54.94,9.78,7.44,499.64,14138.64,55.5,36.41,82.87,93.22,584.77,432.845,280.92,1455.225,1994.97,915.48,3867.045,5229.36,2504.73,615.33,5.64,1
Asia,China,Beijing,41.77,16.53,46.01,59.99,59.99,4.19,30.73,5.59,1.4,4.05,4.55,0.51,0.43,1.97,2.07,1.2,1.85,12.66,3.94,12.56,1.95,1.84,1.91,1.45,0.88,0.97,0.85,0.63,11.87,1.01,2.4,4.19,0.7,41.9,1.96,0.42,11.17,1.18,23745.34,22024.35,53.68,0.04,20.28,55.84,29.8,8.38,941.31,26804.96,65.28,42.74,84.19,117.38,1176.59,918.595,660.6,2079.435,2732.46,1426.41,13457.035,17450.87,9463.2,1514.55,5,1
Asia,Bangladesh,Dhaka,33.13,4.42,30.41,25.3,25.3,1.87,11.24,4.68,5.62,4.92,1.89,0.27,0.15,0.79,0.64,0.67,1.25,6.92,2.99,6.9,2.28,1,2.09,0.92,0.27,0.47,0.38,0.26,5.15,2.22,5.88,3,0.44,17.79,0.94,0.37,2.81,1.05,37453.64,27843.83,35.87,0.01,22.17,16.55,13.6,4.68,62.42,1463.93,20.65,23.91,48.74,39.86,136.4,110.335,84.27,266.885,333.63,200.14,821.735,1094.67,548.8,269.47,9.2,1
Asia,Japan,Tokyo,77.03,25.86,81.31,87.11,87.11,7.22,43.31,5.05,4.3,5.05,3.42,1.21,0.82,1.37,1.6,3.33,1.88,14.75,8.05,22.71,7.02,3,5.77,5.13,4.4,3.99,1.45,0.96,8.66,2.08,2.73,4.33,1.44,72.19,3.39,3,24.46,1.2,19491.54,16910.26,166.02,0.36,31.85,71.61,25.78,12.99,536.92,15370.09,44.86,36.49,62.62,102.68,1105.83,872.12,638.41,1869.155,2424.17,1314.14,7138.895,9062.18,5215.61,2776.24,1.13,1
Europe,Russia,Moscow,35.26,13.09,29.86,37.41,37.41,13.1,65.5,6.55,4.09,4.09,3.42,1.3,0.74,1.43,0.86,1.94,1.87,13.1,5.85,11.54,1.77,1.31,1.85,2.74,0.8,0.75,1.51,0.84,11.46,1.18,2.51,3.28,0.84,39.3,2.69,0.25,8.73,0.87,35208.38,39129.73,150.58,0.04,8.37,53.49,34.01,8.19,642.86,11901.56,107.25,64.25,139.32,152.61,1167.72,920.885,674.05,1717.89,2240.93,1194.85,6105,7920.06,4289.94,1480.16,10.27,1
North America,Mexico,Mexico City,35.35,12.55,34.82,38.62,38.62,7.78,39.95,6.75,2.59,4.1,2.75,1.03,0.75,1.33,2,1.47,1.98,7.8,6.27,9.49,2.51,1.32,1.46,1.5,1.58,1.47,0.99,0.83,11.42,1.39,2.57,3.63,0.31,15.79,1.04,0.49,7,1.21,19977.17,20108.93,49.15,0.1,27.5,46.8,21.14,4.67,347.96,7398.73,51.81,36.22,84.19,85.69,789.83,636.94,484.05,1196.495,1498.8,894.19,2246.32,2786.32,1706.32,734.39,10.57,1
Africa,Egypt,Cairo,29.52,5.82,27.42,21.54,21.54,4.07,20.36,4.07,1.63,2.55,1.76,0.26,0.15,0.82,0.51,0.7,1.29,3.29,4,7.55,1.21,0.65,0.4,0.31,0.34,0.27,0.24,0.22,8.15,1.28,1.93,2.04,0.29,12.22,0.41,0.14,1.02,0.39,20567.75,21163.23,26.99,0.01,16.55,23.82,8.5,4.48,146.93,2933.28,39.82,38.3,90.72,47.25,197.56,155.775,113.99,315.635,396.99,234.28,462.77,544.64,380.9,202.53,10.93,1
South America,Argentina,Buenos Aires,34.69,7.71,28.17,30.72,30.72,6.4,25,5,1.79,2.4,1.75,1,0.81,0.77,1.28,0.95,1.38,6.54,4,6.42,1.35,1.19,0.73,1.41,0.64,0.73,1.06,0.74,3.73,1.24,1.95,2,0.15,10,1,0.52,4.78,0.97,26700,23229.18,48.19,0.24,21.87,23.63,8.57,5,227.64,4891.47,68.63,44.81,99.89,89.76,308.45,267.145,225.84,536.015,627.35,444.68,2296.37,2518.29,2074.45,395.95,44.23,1
Asia,Iran,Tehran,37.39,17.05,29.46,17.98,17.98,4,29.19,4.96,0.88,1.94,1.49,0.88,0.76,0.81,0.53,3.79,1.32,4.13,3.2,8.1,1.15,1.41,1.11,0.67,0.6,0.51,0.51,0.31,1,0.5,1.25,3,0.36,15,0.5,0.36,3,0.72,65000,54950.14,21.13,0.01,13.79,20.43,15.59,1.5,131.35,1607.66,51.93,46.53,141.23,91.89,539.97,477.495,415.02,1167.32,1392.01,942.63,1722.41,2173.2,1271.62,294.97,20.09,1
Europe,France,Paris,74.13,25.33,73.64,85.41,85.41,15.58,62.32,10.39,7.27,6.23,3.8,2.84,2.4,1.25,2.08,2.17,3.58,17.2,12.68,22.13,3.02,2.04,2.76,3.69,2.15,2.16,1.49,0.83,8.31,2.08,2.98,10.91,1.97,77.9,5.19,1.9,47.26,2.1,22851.33,28272.02,197.79,0.17,30.52,37.16,13.67,12.46,780.6,17064.3,101.55,40.47,92.98,136.99,1325.47,1151.865,978.26,2493.45,2968.63,2018.27,10948.295,12811.7,9084.89,2741.22,1.67,1
Europe,United Kingdom,London,69.65,31.84,56.58,88.78,88.78,18.02,80.48,8.41,7.09,6.01,3.96,2.01,1.64,1.32,1.24,2.09,2.86,7.76,7.93,11.68,2.5,1.5,2.21,2.8,1.37,1.41,1.01,1.38,10.81,2.31,2.82,15.62,3.12,180.18,4.8,2.04,34.59,2.11,27627.06,27839.82,288.5,0.12,35.29,51.32,14.26,15.62,1822.07,20834.96,88.55,40.49,89.98,105.4,2311.99,1990.59,1669.19,3303.15,3875.48,2730.82,11230.05,14554.52,7905.58,3905.7,2.91,1
South America,Peru,Lima,32.53,11.22,30.71,28.17,28.17,3.84,23.06,5.12,2.05,3.84,2.57,0.83,0.54,1.19,1.8,1.08,1.78,6.82,4.93,8.05,1.54,1.01,0.97,0.97,0.72,0.86,0.71,0.73,7.69,1.57,2.29,4.87,0.51,15.37,2.56,1.41,6.92,1.28,17937.43,21297.25,69.32,0.18,30.03,35.74,12.24,5.38,207.03,5901.41,44.19,27.72,69.88,67.11,503.19,421.1,339.01,809.895,941.31,678.48,1674.75,1939.15,1410.35,458.59,8.41,1
Asia,Vietnam,Hanoi,37.48,13.22,38.7,29.38,29.38,2.02,20.03,5.21,0.81,1.62,1.89,0.43,0.27,1.34,0.91,0.99,1.48,10.48,3.48,10.22,2.67,1.07,1.53,1.14,0.98,1.13,0.76,0.57,7.07,0.8,1.55,1.41,0.28,8.08,0.63,0.48,3.23,1.09,40387.72,32570.45,74.07,0.09,9.63,26.05,6.87,4.04,238.96,12674.44,37.25,30.29,74.04,59.37,339.98,278.43,216.88,667.395,858.97,475.82,1752.705,2233.2,1272.21,495.81,9.71,1
South America,Chile,Santiago,43.9,13.51,38.87,33.27,33.27,8.76,43.79,6.57,3.28,3.83,2.47,1.07,0.89,1.02,1.28,1.41,2.79,9.42,5.52,10.4,1.63,1.37,1.55,1.76,1.15,1.13,1.01,1.07,4.93,1.26,1.9,4.82,0.88,43.79,0.38,1.09,8.7,1.28,14395.97,16991.41,131.14,0.07,23.14,32.44,14.42,5.47,381.48,6193.98,46.82,27.61,57.87,69.6,440.02,425.905,411.79,807.285,817.13,797.44,2204.085,2204.83,2203.34,612.9,6.09,1
Asia,Saudi Arabia,Riyadh,50.41,11.67,42.57,91.85,91.85,6.65,53.22,6.92,1.6,1.86,3.84,0.78,0.23,1.81,0.86,2.21,2.74,6.79,7.52,12.07,2.12,1.66,1.63,2,1.26,1.17,1.03,0.62,5.32,1.95,1.84,7.45,1.06,31.93,3.99,1.33,13.31,0.61,23949.13,20849.04,93.64,0.15,71.89,99.6,47.23,17.3,396.2,6953.5,46.49,62.45,107.05,91.58,745.33,607.055,468.78,872.645,987.83,757.46,1455.86,1762.01,1149.71,2212.23,3.95,1
Asia,Iraq,Baghdad,34.47,10.63,30.46,40.92,40.92,4.72,22.85,8,1.83,3.5,2.45,0.46,0.2,1,0.79,1.21,1.64,4.28,4.13,9.96,0.85,0.96,0.89,0.61,0.6,0.51,0.73,0.52,12.3,1.52,2.26,1.71,0.35,25.2,3,2,5.02,0.35,16000,16831.23,123.31,0.09,58.46,34.73,14.24,7,135.38,1709.02,25.09,29.61,50.21,35.95,432.77,342.005,251.24,628.625,798,459.25,1514.225,2099.93,928.52,520.92,8.38,1
Europe,Spain,Madrid,53.88,21.25,45.69,70.04,70.04,12.46,51.93,8.31,3.64,3.64,2.2,2.33,1.66,0.89,1.08,1.2,2.38,10.5,7.34,11.9,2.09,1.88,1.71,1.9,1.25,1.4,1.04,0.72,5.19,1.03,1.58,5.19,1.56,56.66,3.64,1.14,22.85,1.98,25967.42,25042.03,163.71,0.17,37.21,42.61,12.09,9.35,513.51,9538.7,75.35,34.62,78.15,95.09,1041.06,934.275,827.49,1534.51,1781.48,1287.54,4568.44,5469.86,3667.02,2022.6,2.29,1
Africa,Kenya,Nairobi,33.92,8.73,31.27,32.18,32.18,4.08,32.67,5.88,2.04,3.27,2.24,0.54,0.45,0.95,0.51,1.54,1.39,11.62,5.8,4.64,2.33,0.92,1.8,0.95,0.91,0.98,0.62,0.74,10.82,1.96,2.42,2.45,0.82,30.62,2.45,1.11,2.45,1.18,16741.53,17049.85,28.23,0.03,54.96,48.51,16.7,6.53,168.98,9761.49,17.06,22.59,43.19,43.06,406.29,295.475,184.66,704.51,981.35,427.67,1016.005,1417.93,614.08,456.19,12.65,1
North America,United States,New York,100,42.07,70.37,106.34,106.34,18,80,9,7.25,8,4.82,2.47,2.12,1.01,3.24,4.53,3.48,13.85,11.91,16.56,5.52,1.97,5.53,6.4,3.41,3.1,2.31,2.2,15,3.11,3.75,11,2.75,102,5,1.34,35,1.24,24190,21599.78,166.57,0.17,58.45,86.88,18.33,13.99,"2,408.24","40,818.18",54.7,33.42,96.75,132,"3,884.00",3149.255,"2,414.51",7297.03,"7,297.03","	4052.87","14,950.51","14,950.51","	9,720.64","6,194.38",5.68,1
Asia,Singapore,Singapore,83.98,66.43,77.08,91.34,91.34,10.92,60.06,5.82,7.28,8.74,4.44,1.46,1.04,2.57,1.96,2.7,2.78,19.61,8.63,20.49,3.69,2.58,3.7,2.88,2.18,2.13,1.81,1.39,21.84,4.47,5.23,10.92,1.46,93.19,2.91,0.73,14.56,2.32,109206.71,97513.44,142.65,0.17,34.37,104.81,12.05,10.92,1089.57,24842.05,73.04,41.68,103.93,112.61,2660.73,2313.225,1965.72,4392.07,5317.61,3466.53,15440.515,20481.89,10399.14,4497.08,2.43,1
Asia,Afghanistan,Kabul,20.37,2.72,14.92,23.04,23.04,1.67,5.56,3.06,0,0,0.92,0.22,0.13,0.59,0.23,1.21,1.18,3.33,2.49,5.3,0.72,0.9,1.09,0.48,0.29,0.23,0.22,0.32,11.11,0.85,1.56,1.83,0.22,15,1.11,0.56,2.22,0.87,6667.7,11112.84,31.46,0.04,703.81,13.34,11.11,2.5,25.56,1466.89,17.78,17.07,30,35.56,107.12,85.51,63.9,191.7,238.93,144.47,516.745,683.44,350.05,192.62,13.88,1
Asia,Jordan,Amman,49.19,9.23,40.81,31.34,31.34,5.64,42.31,7.05,7.05,7.05,4.08,0.54,0.39,1.47,0.52,1.67,1.97,7.43,6.17,11.59,2.05,1.78,1.54,0.75,0.96,0.74,0.65,0.56,21.16,5.1,6.22,3.53,0.71,49.37,0.49,1.06,7.05,1.37,35260.93,33359.14,74.85,0.04,36.95,60.58,29.87,11.28,222.58,6011.7,58.21,66.22,101.37,87.75,353.31,312.775,272.24,547.035,624.84,469.23,1063.43,1296.81,830.05,644.1,7.53,1
Europe,Germany,Berlin,65.58,27.62,52.31,103.08,103.08,12.46,62.32,9.35,4.15,4.15,3.33,2.47,1.91,1.17,1.67,2.39,2.98,12.14,9.73,14.22,2.7,1.82,2.52,3.09,1.98,1.48,1.4,0.68,5.71,1.11,1.59,8.31,3.12,88.29,4.15,2.23,34.28,2.14,27006.11,28068.05,302.6,0.11,39.91,40.44,19.5,12.46,163.72,8828.92,86.72,36.66,84.97,108.49,1307.95,1130.655,953.36,2066.395,2410.4,1722.39,7040.035,8481.5,5598.57,3086.47,2.16,1
Africa,Algeria,Algiers,26.87,4.59,28.82,24.63,24.63,2.71,21.67,4.69,1.81,2.27,0.95,0.5,0.19,0.87,0.16,1.18,1.42,7.7,4.28,11.5,2.47,2.96,1.3,0.8,0.59,0.39,0.58,0.25,6.68,1.52,1.88,2.38,0.29,10.83,0.36,0.36,4.33,0.31,28886.91,26975.2,48.3,0.07,27.74,20.32,13.13,5.06,102.17,3206.45,37.35,43.04,77.24,82.58,234.19,180.95,127.71,346.07,437.94,254.2,1346.755,1632.82,1060.69,287.71,7.02,1
Africa,Ethiopia,Addis Ababa,47.49,16.88,36.68,10.15,10.15,7.6,30,4,0.75,1.3,0.78,0.72,0.47,0.91,0.57,1.98,2.11,8.12,8.09,8.87,3.19,0.87,1.66,0.81,0.46,0.66,0.42,0.39,8.15,0.96,1.23,4,0.3,12,1.42,0.4,3,0.75,33000,49195.71,168.33,0.02,202.38,57.25,35,4,78.15,26666.67,24.09,53.82,63.11,57.74,466.89,354.945,243,1182.345,1693.09,671.6,1228.09,1457.18,999,194.78,16.54,1
Asia,Kuwait,Kuwait City,48.68,31.31,35.63,78.57,78.57,6.5,55.29,6.5,2.6,3.25,4.68,0.47,0.27,1.34,0.75,1.91,1.78,3.84,5.09,10.18,2.2,1.86,1.86,1.24,1.06,0.92,1.3,0.51,5.2,1.31,1.28,2.93,0.98,39.84,4.47,3.25,9.76,0.34,22441.14,16207.49,43.91,0.13,28.93,124.39,40.98,11.38,382.6,6678.91,49.39,54.14,97.57,117.73,925.2,788.69,652.18,1621.89,1895.77,1348.01,4470.985,5852.25,3089.72,1936.14,5.67,1
North America,Guatemala,Guatemala City,43.49,15.6,41.92,26.35,26.35,5.75,33.52,5.75,1.92,3.19,2.35,1.09,0.85,1.66,1.97,1.5,2.08,5.25,6.06,9.52,3.21,1.01,2.47,1.72,1.58,1.66,0.81,1,8.94,1.25,2.06,3.44,0.51,10.53,3.51,0.64,13.73,1.08,17876,22143.99,88.43,0.19,46.93,51.78,19.99,6.38,206.12,5171.27,55.9,55.33,98.32,110.27,575.54,489.175,402.81,883.71,1066.62,700.8,1249.71,1538.61,960.81,437.68,7.89,1
Europe,Italy,Rome,66.47,20.55,57.95,61.74,61.74,16.1,72.71,9.04,5.19,5.19,1.47,2.05,1.15,1.58,1.6,2.19,3.48,16.16,9.74,15.47,2.39,1.88,2.38,2.64,1.58,1.55,1.13,0.53,6.75,1.49,2.28,6.23,1.56,36.35,4.41,1.14,31.16,2.04,25967.42,28245.13,194.77,0.21,28.84,52.37,18.89,9.35,484.03,9030.82,82.22,36,94.75,114.59,1055.02,886.33,717.64,1800.19,2251.75,1348.63,5279.125,7023.57,3534.68,1549.17,1.91,1
Asia,Taiwan,Taipei,62.35,17.69,76.19,58.35,58.35,5.82,38.77,4.85,1.94,2.91,2.99,1.02,0.66,3.08,1.89,2.99,3.21,16.28,8.59,18.65,4.08,2.11,2.7,3.31,2.7,2.4,1.76,1.1,12.92,1.58,2.5,4.2,0.81,41.35,2.42,0.81,9.69,1,30982.96,24693.75,81.28,0.16,25.83,39.34,14.09,10.34,665.95,14540.33,75.63,31.56,90.18,117.5,663.07,546.525,429.98,1230.435,1455.64,1005.23,11359.83,14608.77,8110.89,1852.65,1.65,1
North America,Dominican Republic,Santo Domingo,41.77,9.59,38.45,21.07,21.07,9.04,37.99,7.24,2.71,4.52,2.05,0.84,0.54,1.29,2.12,1.24,2.19,6.92,5.49,10.44,2.45,0.67,2.4,1.17,1.51,2.34,0.79,1.19,10.85,2.45,3.54,4.53,0.63,46.79,3.62,3.07,5.43,1.25,27132.14,31890.4,86.02,0.26,46.35,39.55,14.05,5.88,188.79,4205.48,60.49,44.39,99.48,97.68,899.92,634.915,369.91,1088.125,1548.19,628.06,1137.64,1433.76,841.52,454.97,12.08,1
Asia,Uzbekistan,Tashkent,27.31,9.29,26.83,22.37,22.37,5,30,3.5,1.2,2.75,1.55,0.6,0.3,0.99,0.42,1.33,1.46,5.95,3.57,7.25,1.45,1.72,2.41,1.47,0.49,0.36,0.3,0.3,3.5,1.11,2.17,1.88,0.13,14.09,0.5,0.27,4.55,0.91,13508.25,19690.73,42.75,0.02,19,42.32,7.45,4.25,217.38,5622.48,54.15,52.13,95.4,96.89,437.67,368.405,299.14,681.45,834.8,528.1,906.24,1206.66,605.82,327.62,20.4,1
Africa,Ghana,Accra,36.2,19.31,37.53,16.82,16.82,2.4,25.67,4.28,0.68,1.37,1.4,0.49,0.17,1.08,0.59,0.86,0.97,6.68,2.39,2.58,1.39,0.65,0.74,1.22,1.26,1,0.55,0.28,2.74,0.55,0.71,1.03,0.4,17.46,0.68,0.68,2.4,0.62,5339.61,4097.61,25.63,0.03,30.06,26.17,3.15,3.59,51.34,4064.04,8.81,7.56,17.64,20.82,571.18,305.335,39.49,740.64,1309.8,171.48,2994.375,1119.78,4868.97,181.72,25.5,1
Asia,Azerbaijan,Baku,29.73,7.86,26.57,27.26,27.26,5.88,29.41,5.88,1.18,2.35,2.84,0.52,0.32,1.24,0.41,1.85,1.31,4.23,3.92,7.33,0.88,1.5,1.51,1.28,0.64,0.44,0.48,0.53,5.88,1.24,2.26,2.94,0.18,12.28,0.94,0.59,3.53,0.64,20588.24,22219.76,50.74,0.04,14.81,32.66,20.99,4.71,205.19,5043.8,45.5,42.66,96.11,66.6,321.77,250.77,179.77,475.785,621.54,330.03,1149.185,1568.34,730.03,402.82,9.15,1
Africa,Zimbabwe,Harare,45.68,8.75,39.88,19.07,19.07,7,40,6,1.3,2,2.2,0.72,0.47,1.61,1,1.51,1.8,8.08,4.9,4.71,2.86,1.52,1.88,1.42,1.56,1.33,0.78,0.91,8.5,1.2,2.29,2,0.5,30,5,2,10,1.5,25000,27666.67,60.67,0.21,105.25,35,9.17,6.5,288.89,7087.5,17.78,20,40.62,51.43,296.43,296.215,296,825,887.5,762.5,1422.05,1344.1,1500,272.22,15,1
North America,Cuba,Havana,55,15.23,47.93,1.45,1.45,10,40,7,2.5,3,1.91,2.28,1.63,3.52,1.18,1.85,1.64,4.85,6.07,11.59,6.24,1.1,1.12,2.05,1.82,2.34,0.86,0.98,10,1.49,1.71,3.5,0.1,20,1,0.5,15,1.14,80000,72500,36.25,0.29,165,16.67,13.75,1.12,70,15166.67,55.5,44.33,79.17,64.22,353.33,287.915,222.5,1177.5,1625,730,379.56,490.89,268.23,35.75,5.73,1
Asia,Cambodia,Phnom Penh,49.11,15.68,50.61,13.32,13.32,3.6,30,6.5,1,2.88,2.9,0.98,0.66,2.19,1.79,1.09,1.87,12.86,5.42,9.74,3.77,1.41,3.34,1.41,1.56,1.39,1.49,0.81,12,1.02,2.03,1.5,1,10.62,1,1,4,1.18,48000,44750,123,0.06,33.22,75.81,14.75,5,261.6,9062.5,22,17.62,88.57,39.38,530.94,426.305,321.67,1155.98,1499.23,812.73,1982.665,2339.5,1625.83,314.88,10.25,1
Africa,Somalia,Mogadishu,34.58,5.16,39.39,29.4,29.4,2,18,5.5,7,17.5,1.25,0.68,0.54,1.58,0.91,1.17,1.98,4.25,4.25,5.14,3.7,0.97,2.7,1.07,1,0.98,0.88,0.63,25,0,0.65,1.1,0.3,35,1,0.6,10,0.91,8750,6333.33,68.33,0.04,26,23.75,7.67,4,78.75,773.33,15.5,24.33,32,54.25,200,139.145,78.29,310.715,400,221.43,6027.49,6712.87,5342.11,406.67,7.75,1
South America,Ecuador,Quito,37.34,11.28,34.49,31.76,31.76,3.5,42.5,7,2.5,3.5,2.53,0.78,0.62,0.95,1.69,1.3,1.67,5.34,5.93,7.04,1.76,0.95,1.28,1.25,1.37,1.2,0.74,1,10,1.37,2.4,5.5,0.35,20.87,1.5,1.5,10,0.76,19990,27300,41.9,0.11,37.62,41.46,13.11,6.06,274.67,7465,54.06,46.67,100,81.07,445.83,341.82,237.81,572.49,665.29,479.69,1132.5,1285,980,462.19,10.25,1
Europe,Belarus,Minsk,30.89,9.81,27.24,31.78,31.78,9.89,43.8,5.14,1.25,1.98,1.76,0.82,0.52,0.81,0.63,1.48,1.44,7.08,4.24,8.04,1.57,2.01,1.92,2.86,0.83,0.78,1.61,0.66,7.91,1.09,2.04,1.78,0.34,19.35,1.58,0.2,5.93,0.92,19780.16,27830.3,59.02,0.05,13.95,34.55,18.4,4.75,462.36,6563.99,66.63,44.59,105.95,110.63,399.8,346.35,292.9,658.295,804.63,511.96,1583.63,1931.67,1235.59,547.78,19.54,1
South America,Venezuela,Caracas,43.2,9.99,37.34,15.41,15.41,10,50,10,1.5,2.25,1.74,1.07,0.81,1.83,2.33,1.13,2.07,5.31,5.44,6.25,4.1,1.07,1.48,1.32,1.53,1.58,1.03,1.21,7,1.25,1.92,3,0.35,30,4,2,11,0.5,32000,34125,12.37,0.07,49.38,45.64,14.12,6,75,6280,41.43,40,70.83,66.08,383.33,352.775,322.22,709.375,831.25,587.5,973.265,805.57,1140.96,196.11,27,1
Europe,Austria,Vienna,71.04,27.13,65.88,77.25,77.25,15.58,62.32,9.35,4.67,4.21,3.8,2.99,2.31,1.33,1.91,1.9,3.64,11.69,10.8,15.84,2.32,1.79,2.54,3.02,1.71,1.45,1.56,0.67,6.23,1.07,1.48,6.23,2.49,36.35,4.15,1.78,28.88,2,24367.82,20179.93,213.45,0.07,33.66,28.68,20.77,11.43,279.74,11763.24,94.92,34.32,92.17,123.29,983.06,836.96,690.86,1630.65,1932.98,1328.32,7427.88,9095.45,5760.31,2662.28,2.15,1
Europe,Romania,Bucharest,35.24,10.17,31.38,48.12,48.12,10.56,42.26,5.49,2.11,2.54,2.53,1.85,1.6,1.53,0.99,1.61,2.7,7.21,5.96,9.48,1.02,1.43,1.37,1.65,0.74,0.75,0.74,0.62,6.34,0.88,1.4,5.02,0.63,16.9,0.58,0.57,6.13,1.72,21339.98,22681.43,117.32,0.08,8.26,45.09,17.93,7.4,471.18,8209.11,71.69,39.2,73.98,91.98,461.55,397.37,333.19,716.655,872.84,560.47,2004.795,2490.88,1518.71,933.79,6.4,1
Europe,Syria,Damascus,28.75,5.17,29.34,6.59,6.59,4,22,4.5,1.5,2.25,1.01,0.83,0.48,1.15,1.17,1.46,1.48,3.97,6.25,10.25,1.01,2.32,0.64,0.79,0.63,0.39,0.32,0.56,5,1.01,2.2,2,0.1,17,1.19,1.59,7.93,1.16,26000,33666.67,18.48,0.01,50.67,14.47,10,3,133.06,2676.54,36.19,29.5,116.22,64.64,282.72,232.63,182.54,371.345,476.27,266.42,1938.7,2000,1877.4,50.24,11.38,1
Europe,Poland,Warsaw,38.95,14.45,32.42,59.95,59.95,7.78,44.43,6,3.11,2.89,2.93,1.33,1.27,0.76,0.97,1.32,2.46,7.38,5.31,10.16,0.85,1.29,1.54,2.24,0.73,0.76,1,0.52,6.66,0.96,1.38,4,0.98,24.44,1.78,0.67,8.89,1.64,22104.03,21808.04,201.12,0.06,13.34,29.85,15.81,6.66,383.07,11080.05,74.03,32.95,74.33,93.81,778.49,685.56,592.63,1275.49,1446.57,1104.41,3578.8,4361.1,2796.5,1256.6,7.95,1
Africa,Zambia,Lusaka,33.04,9.26,31.53,40.33,40.33,3,18.37,3.17,1.22,1.5,1.81,0.88,0.47,1.34,0.95,2,1.73,9.11,4.18,5.3,2.48,1.49,2.51,1.16,1.23,1.59,1.22,0.98,4.9,0.99,1.26,2.66,1.24,30.62,3,0.62,9.19,1.36,8593.28,6444.46,140.69,0.07,103.74,23.82,4.78,2,171.24,14061.39,12.66,31.12,90.18,105.64,262.01,215.205,168.4,671.305,832.64,509.97,5381.955,10763.91,0,396.94,26,1
Europe,Belgium,Brussels,72.61,25.79,63.32,79.72,79.72,15.58,72.71,9.35,5.19,4.93,3.34,2.51,2.53,1.11,2,1.95,3.02,14.45,9.83,17.06,2.36,1.6,2.53,2.57,1.4,1.27,1.51,0.98,8.31,2.18,3.28,7.79,2.49,51.93,5.09,2.08,31.16,1.95,25967.42,27764.36,206.48,0.27,50.69,32.04,23.26,12.39,875.47,23121.39,82.62,29.37,90.37,122.67,963.92,884.055,804.19,1590.92,1692.13,1489.71,3783.64,4122.27,3445.01,2736.44,1.64,1
Europe,Hungary,Budapest,40.66,11.91,35.19,51.98,51.98,7.93,38.35,5.63,1.92,2.05,1.79,1.09,0.91,1.06,1.34,1.64,2.74,9.91,4.73,10.01,1.39,1.54,1.97,2.44,1.06,1.08,1.33,0.38,4.6,0.85,1.43,5.11,0.89,24.29,2.56,1.02,15.34,1.54,23232.24,21931.59,148.67,0.08,12.71,43.98,11.27,5.88,355.46,8721.39,69.19,31.47,70.73,86.6,475.62,421.995,368.37,757.465,881.43,633.5,2822.085,3388.39,2255.78,941.34,8.13,1
Africa,Uganda,Kampala,33.5,9.19,31,11.41,11.41,1.74,26.75,8.56,1.07,1.87,2.74,0.48,0.31,0.77,1.09,1.14,1.64,4.34,4.68,4.34,2.92,1.19,1.63,1.1,1.03,0.95,1.05,0.54,9.36,1.06,1.74,2.54,1.07,40.13,1.07,0.54,2.68,1.4,13375.5,10186.99,52.16,0.1,57.34,59.08,14.16,5.35,191.72,5066.45,16.97,21.18,49.16,59.69,326.03,243.27,160.51,709.815,1011.68,407.95,3037.155,1262.45,4811.86,162.07,19.68,1
Asia,United Arab Emirates,Abu Dhabi,58.33,43.28,46.67,92.17,92.17,8.17,54.45,8.17,10.89,10.89,4.83,0.85,0.3,1.74,1.28,1.82,2.71,9.07,7.7,11.01,2.19,1.7,1.68,1.39,1.03,0.94,1.29,0.57,17.02,3.07,3.75,5.99,0.54,21.78,3.27,0.54,8.17,1.07,24503.26,20703.11,148.74,0.15,103.04,66.02,34.68,12.25,617.12,9354.14,51.6,42.39,86.65,85.56,1596.43,1327.84,1059.25,2235.39,2509.84,1960.94,3038.77,3234.72,2842.82,3541.42,4.27,1
Asia,Oman,Muscat,49.42,16.77,46.51,84.24,84.24,5.19,38.96,6.49,10.39,10.39,4.88,0.9,0.3,1.66,1.16,2.04,2.7,6.98,5.59,9.48,2.48,1.86,1.81,1.25,1.07,1.02,1.25,0.58,20.78,4.97,8.77,6.23,1.3,51.94,5.19,0.78,12.99,0.63,20777.71,19392.53,89.02,0.15,77.23,43.86,30.84,10.39,231.82,7855.92,50.85,38.76,87.49,89.46,651.66,553.085,454.51,986.075,1171.11,801.04,1556.01,1943.27,1168.75,1907.3,4.88,1
Europe,Serbia,Belgrade,36.21,8.73,28.18,37.83,37.83,7.96,31.86,7.08,2.21,2.65,1.86,1.8,1.22,1.2,0.64,1.86,2.29,7.03,6.55,9.97,1.02,1.52,1.44,1.56,0.82,0.6,0.61,0.55,5.31,0.7,1.19,3.54,0.8,28.98,1.95,0.71,7.96,1.77,24538.17,20521.61,147.56,0.1,23.6,30.09,13.07,5.31,286.16,6483.17,69,32.37,86.4,108.36,635.45,516.61,397.77,931.45,1139.04,723.86,2587.74,3214.2,1961.28,658.37,4.21,1
South America,Uruguay,Montevideo,52.07,13.93,44.01,30.07,30.07,14,53.47,10.18,3.06,3.82,3.88,1.8,1.42,1.09,2.37,1.38,3.28,10.83,10.11,10.85,1.91,2.24,1.14,2.79,1.56,1.45,1.08,1.52,7.64,2,2.46,4.58,1.15,45.83,1.53,1.65,11.46,1.9,36918.24,38730.92,144.69,0.25,40.68,48.01,28.92,8.91,353.27,7074.93,97.21,50.05,120.02,110.33,585.83,563.975,542.12,1033.525,1027.83,1039.22,2520.1,2783.07,2257.13,846.96,10.5,1
Europe,Bulgaria,Sofia,38.38,9.07,34.02,45.96,45.96,10.62,37.17,6.37,1.86,2.65,1.89,1.22,0.83,1.54,1.02,1.88,2.55,9.42,7.56,10.81,1.49,1.6,1.57,2.36,0.97,0.86,0.9,0.61,6.37,0.88,1.55,3.19,0.85,26.55,1.12,0.64,9.56,1.73,23894.27,22840.11,134.5,0.19,12.79,29.55,14.52,7.96,434.18,7149.23,64.15,33.82,78.32,86.1,437.61,383.84,330.07,692.585,821.13,564.04,2079.345,2531.65,1627.04,996.71,3.17,1
Africa,Nigeria,Abuja,30.49,35.99,33.65,9.34,9.34,3.38,39.43,5.63,1.13,1.58,2.14,0.52,0.25,2.93,1.45,2.99,1.99,6.57,5.45,5.73,4.13,1.75,0.53,1.39,3.21,1.63,1.35,0.43,6.76,1.13,1.37,1.13,0.79,25.91,1.13,0.68,5.63,0.4,23036.02,31540.77,31.54,0.05,55.48,38.3,7.89,7.89,183.99,3689.14,21.68,37.17,47.31,74.35,2275.44,1672.785,1070.13,4247.68,5932.67,2562.69,11839.05,12165.72,11512.38,179.67,17.67,1
Asia,Qatar,Doha,62.81,48.2,54.97,93.67,93.67,8.24,54.93,6.87,12.36,13.05,5.45,1.09,0.36,1.99,1.63,1.89,2.81,10.88,7.17,11.26,1.97,1.75,1.7,1.46,1.09,0.95,1.49,0.53,21.97,2.34,6.81,6.73,0.55,41.2,2.2,0.55,9.61,0.57,20598.74,20038.51,121.51,0.24,90.46,109.91,30.77,10.99,778.54,10347.58,64.23,53.56,98.7,96.41,1827.5,1504.535,1181.57,2876.955,3481.03,2272.88,4617.55,4995.19,4239.91,3276.33,3.88,1
Africa,Senegal,Dakar,50.25,22.97,42.17,23.45,23.45,7.92,54.63,7.92,2.38,3.17,3.28,1.09,0.8,1.85,0.41,0.82,2.03,11.56,9.74,7.55,2.02,1.35,1.85,1.2,1.06,0.85,1.11,0.73,8.71,0.98,1.73,1.43,0.36,19.79,2.38,1.58,12.67,1.32,26127.48,25863.57,92.47,0.14,48.1,71.65,10.56,7.92,167.15,5185.91,44.97,31.67,75.69,87.88,664.14,625.745,587.35,1175.445,1456.93,893.96,10296.87,8956.85,11636.89,435.46,8.75,1
Africa,Rwanda,Kigali,31.62,15.9,27.71,26.82,26.82,2.52,36.59,7.32,0.91,1.83,2.39,0.7,0.53,0.68,0.95,1.02,1.36,4.41,4.82,3.09,3.45,1,1.63,0.9,0.33,0.8,0.66,0.69,8.23,0.93,1.2,1.6,0.32,11.89,2.74,1.14,9.15,1.24,21956.17,12807.77,48.51,0.06,30.99,33.39,5.72,4.57,137.58,1599.26,22.3,27.55,32.93,47.46,428.83,354.1,279.37,935.25,1251.81,618.69,11515.1,2812.22,20217.98,360.56,17.62,1
North America,Honduras,Tegucigalpa,40.46,10.28,34.73,32.09,32.09,4,24.51,6,1.1,2.42,1.51,0.74,0.72,0.98,1.55,1.33,1.81,3.44,3.38,6.13,3.51,1.73,2.02,1.6,1.39,1.47,0.82,1.02,8,1.3,1.98,2.22,0.5,53.82,3.2,2.73,5,1.08,20000,21932.28,72.91,0.14,58.98,39.2,13.44,4.9,201.12,5154.95,49.65,47.61,87.48,84.63,435.5,361.78,288.06,750.98,965.03,536.93,1000.645,1165.03,836.26,516.15,11.5,1
Africa,Libya,Tripoli,48.35,12.89,54.03,33.25,33.25,6.13,35.3,4.09,0.86,0.86,0.59,0.54,0.19,0.91,0.36,1.09,1.45,6.04,4.01,8.29,1.82,1.14,0.82,0.6,0.61,0.57,0.51,0.27,1.53,0.69,0.77,2.35,0.25,22.78,1.02,0.61,6.13,0.03,12267.21,10963.31,17.11,0.05,23,28.62,15.14,5.07,63.18,1150.05,37.82,28.75,48.39,63.38,248.91,199.97,151.03,374.55,485.58,263.52,886.58,1314.23,458.93,296.46,15.5,1
Europe,Denmark,Copenhagen,84.12,33.23,68.6,99.45,99.45,19.55,111.74,11.87,6.98,6.91,5.91,3.2,2.64,1.79,2.83,2.48,4.2,11.53,10.31,14.77,2.76,2.47,2.57,3.86,1.73,1.4,1.8,1.13,9.78,1.72,2.23,8.38,3.35,75.42,6.29,2.1,83.8,2.17,39107.33,37350.11,200.85,0.14,36.22,40.09,24.44,16.76,476.52,8128.74,105.17,50.67,113.99,155.3,1705.63,1492.2,1278.77,2289.44,2593.58,1985.3,6532.19,7693.77,5370.61,3595.94,1.69,1
Asia,Armenia,Yerevan,33.89,11.61,27.59,28.86,28.86,7.5,37.52,6.95,1.5,2.25,2.84,0.94,0.47,1.37,0.65,2.38,2.29,7.18,6.54,10.47,1.18,1.68,1.76,2.04,0.77,0.73,0.59,0.63,7.5,1.16,1.77,2.06,0.25,10.87,1.5,0.25,3,1.31,23760.89,28517.06,93.01,0.05,19.48,69.95,15.22,6.25,294.99,7704.28,74.35,50.01,110.77,98.55,965.5,808.02,650.54,1241.18,1556.73,925.63,1728.475,2353.85,1103.1,513.02,12.11,1
Africa,Tunisia,Tunis,27.87,5.32,27.36,27.83,27.83,2.78,15.45,4.63,1.54,2.16,0.78,0.52,0.24,0.43,0.16,0.78,1.07,8.63,4.45,9.49,1.53,1.84,0.81,0.55,0.51,0.44,0.33,0.24,4.94,1.18,1.01,2.78,0.22,13.9,0.17,0.31,4.63,0.7,35377.72,30606.77,51.78,0.07,19.65,26.28,8.5,4.63,94.91,2768.42,39.65,45.56,89.08,71.81,214.79,188.04,161.29,343.93,409.08,278.78,782.925,886.1,679.75,258.24,12.25,1
Asia,Nepal,Kathmandu,28.29,3.96,26.45,22.96,22.96,2.29,22.95,7.65,2.37,3.06,1.44,0.44,0.18,0.76,0.5,0.79,1.56,7.89,3.23,3.97,2.19,0.95,1.27,0.64,0.49,0.62,0.31,0.25,7.65,2.16,3.15,3.06,0.19,4.59,2.29,0.76,3.82,1.17,29834.64,47370.58,26.14,0.02,12.11,28.01,7.94,3.82,80.51,3086.97,24.61,31.17,46.94,41.34,168.6,138.84,109.08,283.665,350.42,216.91,1289.155,1773.95,804.36,200.43,12.44,1
North America,Nicaragua,Managua,39.64,8.68,38.13,17.63,17.63,5,30,5.5,1.9,2.32,1.9,0.76,0.83,1,1.46,1.09,1.92,3.7,5.06,8.08,4.81,1.42,1.71,1.53,1.49,1.21,0.75,0.71,11.28,1.02,2.25,3.35,0.1,10,2,1.33,6.05,1.25,16000,23250,68.97,0.34,58.25,31.03,30,6.15,166.3,4516.5,54.43,42.7,79.34,88.96,235.71,208.48,181.25,421.19,458.28,384.1,772.215,905.56,638.87,358.51,12.12,1
Asia,Pakistan,Islamabad,19.92,3.91,17.81,26.63,26.63,1.34,15.59,3.56,2.23,4.46,1.37,0.24,0.18,0.72,0.46,1.03,1.01,4.29,2.37,3.93,0.93,0.55,0.7,0.57,0.31,0.32,0.31,0.31,1.56,1.21,2.13,1.11,0.2,5.35,0.67,0.2,2.23,1.05,14256.58,17152.18,81.93,0.01,20.18,16.87,5.15,3.12,47.08,945.46,13.28,19.66,54.99,33.88,164.65,135.785,106.92,315.935,400,231.87,501.14,584.36,417.92,215.89,10.83,1
North America,Canada,Ottawa,70.22,34.33,70.01,87.98,87.98,18.61,61.42,8.93,5.21,5.96,3.67,2,1.5,1.82,2.17,3.05,2.87,11.22,11.62,12.16,3.49,1.23,2.95,3.33,1.65,1.81,1.98,1.51,11.17,2.3,2.23,11.17,2.75,92.14,2.98,1.38,17.87,1.43,21219.05,19250.62,121.58,0.21,59.34,52.59,23.93,11.17,976.16,14332.16,53.56,37.23,79.25,104.63,1271.09,1138.1,1005.11,1820.605,2021.86,1619.35,4269.67,4906.31,3633.03,3334.84,5.22,1
Europe,Sweden,Stockholm,71.74,25.86,65.78,98.14,98.14,12.38,76.21,8.57,6.67,6.67,3.87,2.28,2.05,1.43,2.74,2.73,3.62,9.32,11.67,18.14,2.93,2.39,2.49,3.85,1.33,1.24,2.21,1.39,9.53,1.94,2.18,6.62,3.72,92.4,4.76,2.71,49.77,2.13,24767.91,24690.93,98.3,0.14,33.5,41.25,33.58,14.29,132.58,7961.11,86.19,39.66,92.39,122.69,1365.56,1190.84,1016.12,1910.905,2274.5,1547.31,8745.255,10986.5,6504.01,2981.76,2.43,1
Europe,Croatia,Zagreb,48.94,13.38,41.98,47.55,47.55,9.63,46,6.88,2.48,2.75,1.83,2.23,1.61,1.19,1.1,2.38,2.53,8.35,9.05,11.34,1.35,1.43,1.51,2.25,0.96,1.01,0.94,1.03,5.5,1.39,1.85,4.81,0.55,49.52,2.06,0.76,6.19,1.78,25104.54,23837.12,196.8,0.13,24.7,42.97,10.85,6.88,153.3,5787.31,85.07,35.5,82.13,103.73,574.94,496.615,418.29,803.865,941.49,666.24,3098.86,3701.62,2496.1,1119.01,3.18,1
Europe,Netherlands,Amsterdam,75.66,36.06,65.49,87.99,87.99,19.22,83.1,10.39,5.9,5.19,3.54,2.74,2.48,1.24,1.59,2.06,3.69,13.47,9.88,20.85,2.43,1.78,1.89,3.05,1.83,1.17,1.04,1.03,6.75,1.53,1.89,8.52,3.32,103.87,5.19,2.57,47.78,2.22,28034.42,30818.13,277.41,0.12,48.88,42.55,29.54,13.5,1854.29,14399.58,87.56,39.67,98.4,134.73,1769.11,1640.92,1512.73,2573.275,2970.6,2175.95,8032.16,9626.48,6437.84,3606.11,3.04,1
Asia,Sri Lanka,Colombo,31.29,8.23,37.67,19.27,19.27,1.36,10.85,3.25,1.08,1.63,1.46,0.35,0.18,1.15,0.64,0.66,1.77,7.4,4.03,5.89,4.27,0.75,3.06,1.42,1.02,0.74,0.83,0.4,6.78,1.23,1.82,5.15,0.11,4.07,0.27,0.27,0.49,1.17,24401.99,28253.94,23.44,0.01,9.98,9.43,3.73,2.37,26.54,425.68,20.42,12.77,43.92,25.19,295.69,204.365,113.04,393.985,560.22,227.75,1423.14,1732.18,1114.1,156.07,15.81,1
North America,Panama,Panama City,51.43,21.75,52.16,33.09,33.09,8,50,7,2.5,4,3.31,1.66,1.34,1.58,2.14,1.92,2.13,7.45,7.09,8.13,2.98,1.24,2.97,3.22,1.84,1.96,2.26,1.48,10,1.23,1.73,5.9,0.35,27.5,2,1.75,20,1.07,25000,20056.25,98.85,0.16,46.67,39.36,24.17,5.79,358.89,11675,52,43,75.53,91.25,908.95,709.62,510.29,1378.945,1784.21,973.68,1741.56,2180,1303.12,798.95,5.86,1
Europe,Norway,Oslo,100.9,34.68,97.31,83.11,83.11,20.11,108.58,12.06,9.9,9.55,4.55,3.1,2.83,2.06,3.41,3.16,4.05,12.02,13.85,27.09,2.92,2.16,2.89,3.77,2.16,2.59,2.45,2.26,17.09,3.31,4.15,14.58,3.92,81.84,10.41,1.51,50.27,2.18,35187.48,34065.51,239.31,0.16,48.99,45.68,33.56,16.04,332,9538.32,91.19,41.68,101.34,126.29,1405.05,1274.545,1144.04,2059.485,2296.3,1822.67,8419.005,9614.74,7223.27,3567.74,2.78,1
Europe,Finland,Helsinki,73.2,25.95,65.16,91.02,91.02,13.5,83.1,9.35,7.27,8.31,4.24,2.69,1.78,1.02,2.35,2.24,2.45,7.5,10.84,18.08,2.39,1.74,2.28,3.66,1.15,1.46,1.94,1.68,12.46,2.63,3.11,9.87,2.91,67.52,7.27,1.48,55.47,2.32,31160.9,31680.25,106.32,0.08,22.52,38.62,36.63,15.58,394.06,5401.22,94.6,41.06,83.03,133.21,1041.66,935.875,830.09,1763.05,2085.59,1440.51,6720.81,8789.35,4652.27,2834.36,1.27,1
Europe,Moldova,Chisinau,30.35,8.7,24.96,33.43,33.43,6.24,25.99,4.81,1.3,1.82,1.42,0.71,0.5,0.91,0.41,1.25,1.88,7.89,4.31,6.36,0.67,1.4,1.31,1.57,0.55,0.44,1.17,0.61,4.16,0.94,1.6,2.34,0.31,12.16,1.56,0.23,3.12,1.51,15647.42,19650.25,148.01,0.09,9.07,23.99,12.53,6.11,301.15,3234.9,50.34,31.16,88.27,97.09,316.53,273.355,230.18,481.74,558.47,405.01,995.235,1187.69,802.78,453.66,9.74,1
Europe,Latvia,Riga,48.45,11.77,38.37,51.65,51.65,10.39,51.93,7.27,4.15,3.12,2.88,1.28,1.24,1.37,1.15,2.22,2.45,10.04,7.26,10.69,1.39,1.58,1.91,2.87,0.88,0.62,1.37,0.74,7.27,1.6,1.69,4.67,1.19,51.93,2.44,0.78,10.39,1.98,22646.7,22825.36,300.35,0.12,17.31,40.39,23.05,9.35,370.39,15083.61,64.75,40.37,70.82,104.13,452.08,393.22,334.36,696.705,835.88,557.53,1944.115,2444.4,1443.83,1058.48,2.44,1
Europe,Lithuania,Vilnius,45.65,15.01,36.18,58.74,58.74,9.87,51.93,6.23,4.15,4.15,2.92,1.87,1.6,1.4,1.35,2.09,2.29,9.69,6.5,9.67,1.34,1.4,1.71,2.57,0.78,0.64,1.27,0.76,7.27,1.37,1.67,4.67,0.78,30.12,1.3,0.73,8.83,1.9,23539.46,23676.51,195.11,0.17,14.33,32.88,25.69,8.31,448.37,8301.89,73.5,36.2,81.07,103.57,762.11,644.12,526.13,1093.435,1359.91,826.96,3325.05,4037.62,2612.48,1261.28,2.42,1
Africa,Morocco,Rabat,33.83,8.98,30.63,34.36,34.36,3.26,25.59,5.12,3.02,3.72,1.73,0.52,0.33,0.71,0.41,1.29,1.27,7.78,4.68,7.69,1.21,1.08,0.51,0.57,0.44,0.5,0.33,0.54,9.3,1.87,2.1,3.54,0.56,23.26,0.49,0.67,3.72,1.23,23262.35,20625.8,37.56,0.09,30.53,22.83,18.14,5.58,128.04,3339.44,59.3,44.2,80.68,80.3,437.73,342.675,247.62,684.84,877.81,491.87,1599.715,2109.74,1089.69,421.25,4.48,1
Europe,Greece,Athens,56.22,12.68,44.73,39.73,39.73,12.46,51.93,7.27,4.15,5.19,3.4,1.89,0.52,1.58,1.14,2.28,3.82,10.6,8.8,11.35,1.94,1.83,1.2,1.96,1.06,0.94,0.91,0.88,7.27,1.49,2.3,4.78,1.25,31.16,3.64,0.83,15.06,2.26,22851.33,23523.88,261.34,0.48,31.74,39.9,24.67,8.31,486.93,9354.97,77.28,34.19,81.38,94.8,508.7,481.3,453.9,858.41,881.18,835.64,2562.895,2570.21,2555.58,931.36,4.14,1
Europe,Slovakia,Bratislava,44.68,16.11,39.74,54.7,54.7,8.31,46.74,7.27,2.08,2.6,2.47,1.98,1.6,0.93,1.31,1.51,2.63,11.7,6.42,12.08,1.59,1.59,2.02,3.45,1.06,0.95,1.18,0.73,5.19,0.95,1.52,4.67,0.93,31.16,4.15,1.04,16.2,1.84,23890.02,23560.04,213.5,0.07,19.45,34.61,13.23,9.35,528.99,13762.73,68.43,32.8,73.27,96.54,669.82,587.865,505.91,1035.37,1200.07,870.67,4223.265,4889.04,3557.49,1261.04,1.58,1
Europe,Ireland,Dublin,76.05,42.08,62.1,82.27,82.27,18.7,83.1,9.87,6.23,6.23,3.71,2.31,1.78,1.25,1.83,1.46,3.23,8.75,9.47,11.03,2.61,1.83,2.44,3.11,1.68,1.07,1.01,1.47,12.46,2.69,3.53,15.58,2.08,124.64,4.15,1.56,27.01,2.1,31160.9,30422.91,231.01,0.36,57.62,47.55,18.25,13.5,1236.7,9123.65,83.17,37.13,90.27,100.97,1989.88,1864.25,1738.62,3240.23,3599.73,2880.73,6158.94,7619.4,4698.48,3131.83,3.39,1
Europe,Portugal,Lisbon,47.94,20.73,39.01,46.8,46.8,12.46,51.93,7.27,2.6,3.12,1.94,1.7,1.17,0.86,1.31,1.26,2.57,8.85,6.84,10.88,1.9,1.27,1.49,1.97,1.15,1.22,1.23,0.8,4.15,1.26,2.04,5.51,1.87,41.55,3.64,0.52,15.37,2.09,28044.81,30757.11,127.21,0.18,34.41,39.32,11.77,7.79,436.57,10039.88,79.26,32.8,71.41,94.56,1215.82,1008.805,801.79,1710.395,2118.56,1302.23,4399.245,5695.09,3103.4,1099.9,2.42,1
Asia,Lebanon,Beirut,69.62,24.81,66.83,35.12,35.12,10,60,6.1,3,4.82,3.51,2.99,1.07,6.81,1.34,2.57,1.87,15.59,6.71,68.01,3.42,2.68,1.38,1.81,1.53,1.01,0.83,0.61,7,1.19,3.33,5.79,1.91,80,5,1.2,20,1.31,22000,21328.57,278.36,0.41,65.01,51.62,26.4,10,410.42,5222.22,83.4,57.78,136.43,121.67,718.75,570.9,423.05,1180.04,1477.78,882.3,2702.395,3928.57,1476.22,370.25,9.62,1
Europe,Estonia,Tallinn,53.68,16.37,42.29,63.46,63.46,12.46,62.32,7.27,4.88,4.67,3.38,2.07,1.72,0.99,1.12,2.01,2.27,9.43,7.38,13.41,1.73,1.24,2.02,2.73,0.97,0.72,1.3,0.88,8.31,1.61,1.98,5.25,1.56,31.16,3.12,0.83,12.46,2.03,22851.33,24374.06,297.48,0.05,26.84,53.24,34.28,9.35,310.45,6055.6,82.88,36.35,84.87,111.58,690.33,595.32,500.31,1064.015,1277.6,850.43,3463.15,4180.46,2745.84,1425.55,2.28,1
Oceania,New Zealand,Wellington,74.52,34.44,72.04,83.63,83.63,12.43,62.13,8.7,6.21,6.21,3.24,2.36,2.17,1.9,1.91,2.06,4.05,9.43,9.69,14.22,2.83,2.08,2.94,5.13,1.94,1.73,2.49,1.1,10.25,3.37,4.35,23.61,2.28,93.91,2.33,1.8,41.01,1.75,21746.24,19299.01,133.82,0.25,51.97,32.38,16,11.18,672.41,11893.86,69.43,39.28,88.23,115.05,1371.29,1248.655,1126.02,2049.97,2198.12,1901.82,5414.33,6035.61,4793.05,3338.01,4.14,1
Oceania,Australia,Canberra,77.75,36.84,77.44,104.63,104.63,15.42,73.77,8.82,6.37,6.71,3.24,2.24,1.73,1.38,2.01,1.82,3.61,8.54,7.37,14.21,2.91,2.36,2.7,4.96,2.1,1.61,2.16,1.46,13.41,3.52,4.11,23.47,2.25,70.42,3.51,1.45,34.87,1.35,20118.71,17991.4,133.15,0.21,50.58,44.47,12.93,12.07,1232.27,11937.1,58.15,33.62,80.47,106.25,1371.43,1256.685,1141.94,2112.185,2439.39,1784.98,4055.37,4891.75,3218.99,4672.58,2.85,1
North America,Jamaica,Kingston,49.67,15.1,53.41,30.25,30.25,6.48,45.39,6.48,1.95,3.24,3.3,0.93,0.68,3.47,2.74,0.98,2.75,12.89,6.11,6,4.21,2.25,4.06,2.41,2.01,2.21,1.92,1.07,12,2.15,2.59,9.08,0.88,32.42,1.95,2.92,9.4,1.32,38903,34079.74,133.37,0.06,40.58,52.23,13.29,9.73,252.87,1529.1,31.96,26.86,64.38,64.38,633.65,483.34,333.03,1017.6,1289.56,745.64,1845.825,1813.69,1877.96,583.55,8.07,1
Africa,South Africa,Cape Town,42.09,16.6,34.78,78.36,78.36,8.78,35.13,4.1,2.34,2.63,1.84,0.91,0.69,0.94,0.98,1.45,1.87,7.09,4.59,6.49,1.48,1.42,1.36,1.48,1.09,1.09,1,0.9,4.68,1.5,1.95,2.93,1.17,30.55,0.88,0.7,2.63,1.34,18736.24,21916.66,77.47,0.08,47.51,42.76,9.44,5.86,196.08,4594.77,48.3,33.62,89.08,78.02,722.68,602.485,482.29,1184.645,1415.56,953.73,1786.04,2108.49,1463.59,1288.41,8.49,1
Europe,Albania,Tirana,35.5,8.47,29.32,30.19,30.19,5.73,35.24,5.73,1.76,2.64,1.38,1.41,0.71,1.38,0.75,1.45,2.64,7.4,5.62,8.94,1.01,1.76,1.26,1.29,0.8,0.77,0.84,0.54,7.93,0.96,1.49,3.08,0.35,14.1,2.64,2.64,9.55,2.04,18941.21,19879.14,90.62,0.26,15.61,35.28,17.3,6.34,174.32,3334.42,45.84,34.8,74.62,82.61,421.83,336.72,251.61,619.625,784.35,454.9,1588.25,2163.8,1012.7,456.1,4.44,1
Asia,Cyprus,Nicosia,59.03,22.36,49.2,57.31,57.31,13.5,51.93,6.34,4.15,4.15,3.31,1.41,0.73,1.47,1.92,2.47,3.02,10.22,7.68,8.92,2.64,1.74,2.09,2.45,1.1,0.82,0.44,0.97,7.27,1.32,2.26,5.19,2.08,41.55,3.9,1.3,31.16,1.52,20150.71,25084.52,161.6,0.14,31,58.74,23.37,9.87,346.55,6321.21,81.36,39.99,85.6,101.79,626.33,568.8,511.27,1024.45,1151.73,897.17,1875.425,2181.26,1569.59,1414.11,2.63,1
North America,Canada,Victoria,70.22,34.33,70.01,87.98,87.98,18.61,70.73,8.93,5.96,5.96,3.67,1.99,1.78,2.5,2.75,3.26,3.65,12.25,12.84,13.51,3.38,1.29,3.6,4.46,2.49,2.33,2.54,1.92,14.15,2.52,2.75,12.47,1.86,63.28,2.74,1.49,31.02,1.59,23824.89,19460.1,97.88,0.18,71.47,51.02,11.58,10.78,918.25,13014.35,61.07,32.51,80.62,105.78,1495.66,1345.79,1195.92,2297.2,2523.12,2071.28,6609.145,7694.62,5523.67,3537.3,4.36,1
Europe,Slovenia,Ljubljana,53.88,17.9,47.71,59.48,59.48,10.39,41.55,6.44,3.12,3.12,1.9,2.3,1.79,1.12,1.59,1.87,2.68,11.23,8.54,11.14,1.99,1.39,1.99,2.89,0.93,1.26,1.46,0.74,6.23,1.2,1.92,4.67,1.35,38.43,2.03,1.09,17.64,1.61,21802.24,24016.74,246.17,0.12,34.38,44.33,19.14,8.31,478.6,10782.97,77.38,36.22,93.9,110.88,695.79,627.525,559.26,1140.46,1298.65,982.27,3942.595,4532.13,3353.06,1368.51,2.1,1
Europe,Bosnia And Herzegovina,Sarajevo,36.12,6.82,31.14,44.1,44.1,5.3,26.49,5.03,2.12,1.99,1.49,1.56,0.87,0.92,0.7,1.46,1.99,6.89,6.81,8.68,1.04,1.33,1.39,1.43,0.74,0.85,1.01,0.58,6.36,0.97,1.19,3.18,0.95,28.08,1.06,0.72,5.3,1.7,21188.42,19675.04,154.76,0.1,24.58,26.21,20.43,5.3,179.79,3259.84,68.36,33.15,79.9,89.61,282.19,235.81,189.43,400.04,485.18,314.9,1661.205,2050.02,1272.39,744.99,3.29,1
Africa,Botswana,Gaborone,40.17,10.21,35.16,62.63,62.63,11.53,34.59,5.96,1.54,1.92,2.54,0.85,0.57,1.14,0.74,1.52,2.1,5.74,4.35,4.94,1.69,1.35,2.04,1.3,1.19,1.27,1.11,0.85,6.92,1.47,1.76,4.23,0.5,21.68,0.54,2.31,3.84,1.02,18447.18,16093.25,46.49,0.12,46.84,36.59,6.46,5.76,154.88,4381.21,38.85,23.16,51.24,52.09,254.42,230.495,206.57,565.105,685.36,444.85,16549.625,1393.15,31706.1,719.22,9.96,1
South America,Suriname,Paramaribo,51.78,9.71,45.92,13.44,13.44,4.86,80,6.15,2.7,2.7,2.25,0.92,0.74,1.18,1.19,1.37,2.11,11.17,3.41,9.25,3.67,1.3,1.79,2.13,1.03,0.82,2.33,0.97,10,1.85,2.42,5.25,0.44,90,1.8,3,15,0.84,27500,7868.37,92.78,0.05,37.5,13.68,10,4.51,81.67,500,52.08,45.99,99.15,173.33,394.71,322.075,249.44,1100.885,1252.41,949.36,612.405,767.07,457.74,234.55,14.29,0
Europe,Switzerland,Bern,123.35,53.54,128.13,118.44,118.44,26.42,105.68,15.85,6.87,5.81,4.94,4.36,4.13,1.68,2.94,2.93,6.15,23.83,28.73,57.37,4.03,3,3.52,4.12,2.23,2.09,2.11,1.29,12.68,1.84,2.11,9.51,3.8,83.48,7.4,4.12,77.67,2.03,42270.88,41319.78,202.63,0.26,52.43,68.9,35.23,21.14,2562.67,28532.84,112.15,40.51,124.17,142.66,1254.92,1125.36,995.8,2080.96,2465.8,1696.12,9431.865,12505.13,6358.6,6143.37,2.1,1
Asia,Bahrain,Manama,54.77,29.22,44.59,61.41,61.41,5.3,53.05,6.63,7.96,10.61,4.55,0.72,0.36,1.57,1.33,1.56,2.42,6.99,7.35,7.96,2.01,1.63,1.72,1.11,0.84,0.78,1.91,0.61,18.57,1.97,3.21,5.84,0.8,37.13,5.3,2.65,7.96,0.51,23872.17,21099.14,169.42,0.1,56.81,86.94,46.42,9.28,320.51,8587.35,44.1,65.17,90.85,77.68,964.07,867.525,770.98,1541.745,1779.36,1304.13,1419.07,1545.06,1293.08,2080.35,5.94,1
Europe,Luxembourg,Luxembourg,80.5,60.09,74.75,98.84,98.84,20.49,88.29,10.39,5.19,5.71,3.78,3.1,3.31,1.28,3.24,2.31,3.57,20.2,11.85,18.18,2.63,1.45,2.44,4.39,1.56,2.37,1.5,0.6,9.35,1.66,2.06,5.61,0,0,4.93,3.12,36.35,1.69,25967.42,26695.9,297.59,0.26,55.69,48.95,23.63,12.46,1073.32,16520.35,92.44,42.14,122.05,120.75,1762.71,1638.305,1513.9,2821.25,3184.25,2458.25,11361.81,13056.03,9667.59,4135.59,1.95,1
North America,Barbados,Bridgetown,92.37,21.99,87.81,32.08,32.08,18.75,95.11,8.97,3.25,5,4,1.52,1.28,3.28,2.71,3.6,4.61,29.29,9.42,12.21,2.78,2.62,3.39,3.15,2.94,3.22,2.48,1.92,15,2.13,3.17,7.96,1.75,36,10,1.88,25,2.1,37500,39166.67,100,0.37,50,73.12,11.25,10,241.67,5333.33,77,60,134.38,118.75,540,495,450,1443.75,1700,1187.5,853.04,1706.08,0,1333.33,6.17,1
Oceania,Fiji,Suva,43.16,17.76,48.06,35.87,35.87,3.6,33.76,6.3,2.7,4.5,2.67,1.05,0.84,1.23,0.48,1.1,2.64,7.74,5.38,4.34,2.01,1.76,1.68,1.35,1.16,0.97,0.96,0.62,8.1,1.69,2.59,7.2,0.45,35.78,0.79,0.56,4.86,1.23,18003.42,19634.98,47.3,0.12,26.3,31.38,4.95,3.6,185.44,6113.66,19.5,19.13,54.09,51.76,556.98,425.86,294.74,1107.535,1462.78,752.29,1901.61,2475.47,1327.75,1578.82,6.14,1
Asia,Turkey,Ankara,28.31,6.63,22.64,32.88,32.88,3.76,16.09,3.76,2.15,2.74,1.67,0.73,0.3,0.95,0.44,1.27,1.68,4.91,3.89,8.48,0.74,1.58,0.73,0.87,0.55,0.44,0.65,0.24,6.81,1.53,2.05,1.61,0.38,18.72,0.54,0.32,2.68,1.4,34870.89,31706.71,50.99,0.05,8.75,20.11,10.69,2.68,201.4,4342.93,35.15,26.54,67.75,53.5,280.27,216.805,153.34,409.105,483.53,334.68,627.19,755.11,499.27,368.3,20.4,1
North America,Bermuda,Hamilton,146.04,98.58,148.66,81.07,81.07,29,150,15,9,10,5.61,3,2.43,4.24,6.85,6.68,5.16,15.24,20.94,23.71,12.94,6.79,10.46,9.62,8.46,6.63,5.86,3.47,23.5,5.1,6.25,17.62,4.5,69,6.5,3,43.9,2.25,39000,36000,271.65,0.4,142,168.57,50,13.5,1201.6,24666.67,90.75,55,142.5,141.33,3250,2650,2050,5495.835,6666.67,4325,8036.47,10381.96,5690.98,5973.81,6.5,1
North America,Trinidad And Tobago,Port of Spain,54.88,15.97,53.96,38.47,38.47,11.34,88.34,7.36,1.62,2.65,3.42,0.97,0.75,2,2.16,1.87,3.49,7.72,6.34,7.7,3.44,1.86,2.02,4.1,1.16,1.19,1.36,1.05,16.2,1.75,2.59,6.04,0.88,66.25,0.96,1.03,11.78,0.88,26501.58,34047.16,82.54,0.2,46.7,49.69,15.61,7.36,172.86,5852.43,63.8,45.64,99.38,95.09,507.13,450.855,394.58,938.185,1096.05,780.32,3288.42,4754.34,1822.5,767.44,5.19,1
North America,Belize,Belmopan,51.3,11.64,48.76,45.73,45.73,3.98,22,5.48,3.5,4.5,2.66,1.33,0.83,1.43,2.08,2.73,2.31,10,2.5,0,0,1,0,1.5,1.84,1.5,1.24,1.12,14.5,1.88,2.5,0,0.99,0,2.48,2.48,0,1.42,0,0,79.75,0.12,85.95,0,0,0,0,0,26.07,22.35,62.03,62.1,349.28,303.535,257.79,607.225,723.68,490.77,250,500,0,1023.05,10,0
Africa,Seychelles,Victoria,65.93,32.35,61.55,19.43,19.43,15.79,58.04,6.31,3.87,4.79,5.67,3.21,1.95,1.66,1.41,2.18,2.81,25.26,5.34,10.97,2.83,2.66,1.55,6.11,1.74,1.28,1.16,1.55,9.7,2.81,3.22,10.96,0.67,22.73,4.98,1.89,17.94,1.27,23776.49,37182.49,66.55,0.3,116.57,66.73,20.77,5.12,346.23,4124.2,59.1,63.32,93.73,60.14,925.42,770.575,615.73,1509.545,1819.87,1199.22,1215.73,1157.72,1273.74,588.89,16,1
Europe,Malta,Valletta,67.84,29.72,59.59,44.18,44.18,18.7,83.1,9.35,3.12,4.15,3.01,2.11,1.53,1.07,1.62,2.78,2.7,12.12,9.35,15.23,2.6,1.89,2.26,3.84,2.59,3.12,1.83,1.47,7.27,1.79,3.25,5.92,1.56,27.01,6.75,2.08,31.16,1.42,17657.84,22158.86,156.72,0.39,53.09,74.44,27.27,15.58,553.63,9867.62,107.76,66.22,132.43,176.58,967.29,895.88,824.47,2011.755,2557.79,1465.72,7392.06,8655.81,6128.31,1167.88,4.67,1
North America,Canada,Hamilton,70.22,34.33,70.01,87.98,87.98,14.15,61.42,8.93,5.21,5.58,3.45,1.87,1.28,1.62,2.49,4.15,2.99,14.02,12.85,13.61,4.31,1.47,3.53,3.76,1.85,2.34,1.97,2.12,11.17,1.92,2.63,10.72,2.42,81.9,3.28,1.34,25.84,1.42,20921.23,19074.8,155.87,0.21,61.69,41.21,19.85,13.4,843.8,11167.92,51.89,41.41,77.15,90.99,1198.69,1140.805,1082.92,1875.065,1905.99,1844.14,4299.915,4315.34,4284.49,2829.21,4.44,1
Asia,Lebanon,Tripoli,69.62,24.81,66.83,35.12,35.12,10,40,8,3,4.5,1.79,1.05,0.36,1.75,0.42,1.48,2.48,7.67,7.33,10.67,1.5,0.8,1.5,1.5,1.37,1.07,1,0.98,7,1.13,3,3,1,50,4,1,9,0.93,20000,20000,158.33,0.3,56.67,48.75,25,8,233.33,4500,60,35,112.5,75,450,362.5,275,937.5,1150,725,1025,1300,750,833.33,5,0
South America,Argentina,San Juan,34.69,7.71,28.17,30.72,30.72,6,26.5,5.5,1.5,2.5,1.62,0.66,0.57,0.87,1.5,1.33,1.8,5.27,3.5,5.48,0.91,0.95,1.24,1.28,0.62,0.67,0.63,1.15,3.08,1.35,1.93,2.05,0.2,11.7,0.7,1,10,0.8,23888.63,27560.5,27.75,0.14,32.59,0,0,5.69,71,960,38.96,78.45,132.09,72.64,150,137.5,125,225,250,200,0,0,0,0,45.67,0
South America,Brazil,Brasília,33.24,8.27,28.16,27.85,27.85,4.66,27.95,5.59,1.58,2.8,1.57,0.91,0.63,0.97,1.2,1.08,1.75,7.98,3.78,8.12,1.35,0.86,0.75,1.29,0.89,0.82,0.58,0.62,7.45,1.01,2.25,1.89,0,0,1.01,0.47,4.47,1.23,17403.01,25046,62.64,0.2,21.75,0,0,5.78,268.33,6062.19,45.48,41.14,66.59,52.03,"	1,981.82",0,0,2403.845,"4,807.69",0,5403.205,"10,806.41",0,0,8.57,0
North America,Panama,Santiago,51.43,21.75,52.16,33.09,33.09,4.5,33.5,5.25,1.75,3,2.94,1.23,1,1.5,2,1.92,1.8,7.45,4.5,8.13,2.5,1.2,2.97,3.22,1.84,1.96,1,1.2,7,1,1.25,5.9,0.25,30.43,1,0.8,20,0.85,17000,15000,98.85,0.16,35,25,50,5.79,358.89,11675,28,30,45,60,300,275,250,450,500,400,1050,1200,900,700,5.86,0
Europe,Malta,Rabat,67.84,29.72,59.59,44.18,44.18,0,103.87,0,0,0,4.67,0,0,0.99,0.81,2.96,2.7,13.5,7.79,28.04,1.87,1.56,1.56,3.74,0.83,2.6,1.04,0.52,7.27,1.3,1.09,5.92,1.56,0,2.6,1.56,20.77,1.46,19735.24,28044.81,105.95,0.05,25.97,62.32,41.55,13.5,173.12,3116.09,62.32,36.35,77.9,124.64,830.96,830.96,830.96,1402.24,1246.44,1558.04,3635.44,3116.09,4154.79,1142.57,2.7,0
